model,search_best_roc_auc,accuracy,balanced_accuracy,f1,roc_auc,sharpe,cagr,profit_factor,max_drawdown,average_absolute_position,trade_count,signal_upper_threshold,signal_lower_threshold,best_parameters,selection_eligible,cv_rank
xgboost,0.5237956980114362,0.5129337539432177,0.5092193692917456,0.5588571428571428,0.5190626176754042,0.19396104289046626,0.0052417466948702085,1.0519265016225898,-0.7305257311949984,0.5009463722397476,794,0.7026628851890564,0.38477784395217896,"{'selector__k': 10, 'model__subsample': 0.85, 'model__reg_lambda': 5.0, 'model__n_estimators': 500, 'model__max_depth': 3, 'model__learning_rate': 0.05, 'model__colsample_bytree': 1.0}",True,1
logistic_regression,0.5207429670382454,0.5160883280757098,0.5143899068808598,0.5437239738251041,0.5066313081994626,0.14430795601513963,-0.02819988885617597,1.0398645902728865,-0.6638529499764181,0.5009463722397476,794,0.5314628905548212,0.47139915577770847,"{'selector__k': 5, 'model__C': 0.05}",True,2
random_forest,0.5301082891181765,0.49905362776025236,0.4961833279082977,0.5383720930232558,0.5060584882659671,0.0909190411701912,-0.04148128484170521,1.029018687099561,-0.6300358641033618,0.5078864353312302,805,0.5925,0.44,"{'selector__k': 14, 'model__min_samples_leaf': 1, 'model__max_features': 0.5, 'model__max_depth': None}",True,3
support_vector_machine,0.5361494148564281,0.5129337539432177,0.4925046751041926,0.6678141135972461,0.4935912778192634,-0.0987274012679754,-0.07898561192139708,0.9898420769749513,-0.6256203598107957,0.416403785488959,660,0.5334758278910617,0.5134758278910617,"{'selector__k': 18, 'model__gamma': 0.1, 'model__C': 1.0}",True,4
