model,signal_upper_threshold,signal_lower_threshold,accuracy,balanced_accuracy,f1,roc_auc,sharpe,cagr,profit_factor,max_drawdown,average_absolute_position,trade_count,test_rank,is_final_model
xgboost,0.7026628851890564,0.38477784395217896,0.5210084033613446,0.5217798181336629,0.545816733067729,0.5228922044672022,1.7720411479890013,0.5292579349953954,1.645875094427113,-0.19032299008784237,0.30462184873949577,145,1,True
