model,signal_upper_threshold,signal_lower_threshold,accuracy,balanced_accuracy,f1,roc_auc,sharpe,cagr,profit_factor,max_drawdown,average_absolute_position,trade_count,test_rank,is_final_model
xgboost,0.7541481852531433,0.2839876115322113,0.5378151260504201,0.5378476207292311,0.5358649789029536,0.5186545422441953,0.8813290614239052,0.2567750890799052,1.3345021146006468,-0.2672967450263779,0.30462184873949577,145,1,True
