model,search_best_roc_auc,accuracy,balanced_accuracy,f1,roc_auc,sharpe,cagr,profit_factor,max_drawdown,average_absolute_position,best_parameters
random_forest,0.5026427856906397,0.5047318611987381,0.50155331533498,0.5465049104563836,0.5073078420484934,0.1636879566437142,0.006598196639187037,1.0614892611426452,-0.4995971967224404,0.16214511041009463,"{'selector__k': 12, 'model__min_samples_leaf': 1, 'model__max_features': 0.5, 'model__max_depth': 6}"
logistic_regression,0.4937355662947554,0.5160883280757098,0.5157876513425368,0.5303123086344151,0.5067126837331903,-0.24117210239237807,-0.04466244890325932,0.8313548224901123,-0.23237049806129018,0.03028391167192429,"{'selector__k': 5, 'model__C': 0.1}"
xgboost,0.5077460562206603,0.510410094637224,0.504302531896018,0.5764192139737991,0.4974725716583376,-0.4069380830151442,-0.22248818173397655,0.8999107438446676,-0.8110424018072697,0.3470031545741325,"{'selector__k': 12, 'model__subsample': 0.7, 'model__reg_lambda': 5.0, 'model__n_estimators': 300, 'model__max_depth': 2, 'model__learning_rate': 0.03, 'model__colsample_bytree': 1.0}"
support_vector_machine,0.520396345535089,0.522397476340694,0.5005616507425916,0.6809945217024863,0.48293666749637804,,0.0,,0.0,0.0,"{'selector__k': 18, 'model__gamma': 'scale', 'model__C': 2.0}"
