model,search_best_roc_auc,accuracy,balanced_accuracy,f1,roc_auc,sharpe,cagr,profit_factor,max_drawdown,average_absolute_position,best_parameters
xgboost,0.5120661700881095,0.5135646687697161,0.5066193412092086,0.5857066093498119,0.5060297674893574,0.04838430108945732,-0.09610133044641911,1.009594089702312,-0.8086862409515185,0.5949526813880126,"{'selector__k': 12, 'model__subsample': 0.7, 'model__reg_lambda': 2.0, 'model__n_estimators': 500, 'model__max_depth': 2, 'model__learning_rate': 0.05, 'model__colsample_bytree': 1.0}"
random_forest,0.5036907905110922,0.5022082018927445,0.498616615926628,0.5478510028653295,0.5019562040068675,-0.173012458442434,-0.08988171127103162,0.9384471101628842,-0.6051402088010669,0.17287066246056781,"{'selector__k': 12, 'model__min_samples_leaf': 1, 'model__max_features': 0.5, 'model__max_depth': 6}"
logistic_regression,0.4976844284529049,0.5003154574132492,0.4974478398784792,0.5395348837209303,0.4984299308786643,-0.47813204334885295,-0.05974675539267926,0.6082678590060955,-0.2869444016357776,0.016403785488958992,"{'selector__k': 5, 'model__C': 0.1}"
support_vector_machine,0.5093054237527095,0.5249211356466877,0.5021006056892667,0.6871624428749481,0.47906255385145613,,0.0,,0.0,0.0,"{'selector__k': 18, 'model__gamma': 'scale', 'model__C': 2.0}"
