model,search_best_roc_auc,accuracy,balanced_accuracy,f1,roc_auc,sharpe,cagr,profit_factor,max_drawdown,average_absolute_position,best_parameters
xgboost,0.5547715304249164,0.5337539432176656,0.5301129364760245,0.577472841623785,0.5423057039462347,1.049828473344293,0.5351475079706383,1.1951092128992213,-0.7437127387809905,0.8006309148264984,"{'selector__k': 10, 'model__subsample': 0.85, 'model__reg_lambda': 1.0, 'model__n_estimators': 500, 'model__max_depth': 2, 'model__learning_rate': 0.05, 'model__colsample_bytree': 0.7}"
support_vector_machine,0.5203990799969962,0.5129337539432177,0.49500896726469706,0.6550491510277033,0.49701942162738305,0.6175824639423135,0.14374461050977572,1.2854338288987304,-0.47451295577294184,0.13501577287066246,"{'selector__k': 10, 'model__gamma': 0.01, 'model__C': 2.0}"
logistic_regression,0.5177256394240677,0.5274447949526814,0.5250716423816545,0.5607038123167155,0.5202561255034114,0.5114534129459658,0.12922356482134445,1.1525118954487665,-0.5014545974138557,0.294006309148265,"{'selector__k': 10, 'model__C': 0.05}"
random_forest,0.5371174719532087,0.5135646687697161,0.5139574996330123,0.5208203853325046,0.5228186570164858,-0.1827012145463915,-0.11394512784683941,0.946863749047424,-0.7597742866948629,0.25236593059936907,"{'selector__k': 18, 'model__min_samples_leaf': 2, 'model__max_features': 'sqrt', 'model__max_depth': 3}"
