metric,value
annualized_return,0.08278597337952887
annualized_volatility,0.14137683100303186
sharpe_ratio,0.49162011505772507
sortino_ratio,0.9035173708185863
calmar_ratio,0.717776407893826
max_drawdown,-0.1153367155413314
value_at_risk_5pct,0.0
conditional_value_at_risk_5pct,-0.00045477749641274746
beta_to_benchmark,0.05635956039312541
alpha_to_benchmark,0.0775008423105987
covariance_with_benchmark,3.158487536153988e-05
correlation_with_benchmark,0.18010878655041823
