feature,mean_abs_shap
btc_rsi_14,0.016156711947487995
btc_return_5d,0.014541706793225872
fear_greed_zscore_21d,0.012300258945772313
hash_rate_change_7d,0.011009672308579648
btc_volatility_7d,0.010747756405003773
onchain_roi_30d,0.009638630559475675
mvrv_level,0.007710961836465448
funding_rate_mean_7d,0.005968469560840365
vix_change_1d,0.005143105234551201
fear_greed_index,0.004817836635248551
funding_rate_daily,0.004809098323938216
funding_rate_abs_mean_7d,0.003060887880761942
